# This file was produced by the NASA Exoplanet Archive  http://exoplanetarchive.ipac.caltech.edu,,,,,,,,,,,,,,,,,,,,,,,,,,,,,,,
# Sat Oct  5 11:18:04 2024,,,,,,,,,,,,,,,,,,,,,,,,,,,,,,,
#,,,,,,,,,,,,,,,,,,,,,,,,,,,,,,,
# User preference: *,,,,,,,,,,,,,,,,,,,,,,,,,,,,,,,
#,,,,,,,,,,,,,,,,,,,,,,,,,,,,,,,
# CONSTRAINT:  where (default_flag = 1,,,,,,,,,,,,,,,,,,,,,,,,,,,,,,,
# CONSTRAINT:  and disc_facility like '%TESS%'),,,,,,,,,,,,,,,,,,,,,,,,,,,,,,,
#,,,,,,,,,,,,,,,,,,,,,,,,,,,,,,,
# COLUMN pl_name:        Planet Name,,,,,,,,,,,,,,,,,,,,,,,,,,,,,,,
# COLUMN hostname:       Host Name,,,,,,,,,,,,,,,,,,,,,,,,,,,,,,,
# COLUMN default_flag:   Default Parameter Set,,,,,,,,,,,,,,,,,,,,,,,,,,,,,,,
# COLUMN sy_snum:        Number of Stars,,,,,,,,,,,,,,,,,,,,,,,,,,,,,,,
# COLUMN sy_pnum:        Number of Planets,,,,,,,,,,,,,,,,,,,,,,,,,,,,,,,
# COLUMN disc_year:      Discovery Year,,,,,,,,,,,,,,,,,,,,,,,,,,,,,,,
# COLUMN disc_facility:  Discovery Facility,,,,,,,,,,,,,,,,,,,,,,,,,,,,,,,
# COLUMN soltype:        Solution Type,,,,,,,,,,,,,,,,,,,,,,,,,,,,,,,
# COLUMN pl_refname:     Planetary Parameter Reference,,,,,,,,,,,,,,,,,,,,,,,,,,,,,,,
# COLUMN pl_orbper:      Orbital Period [days],,,,,,,,,,,,,,,,,,,,,,,,,,,,,,,
# COLUMN pl_orbsmax:     Orbit Semi-Major Axis [au],,,,,,,,,,,,,,,,,,,,,,,,,,,,,,,
# COLUMN pl_rade:        Planet Radius [Earth Radius],,,,,,,,,,,,,,,,,,,,,,,,,,,,,,,
# COLUMN pl_bmasse:      Planet Mass or Mass*sin(i) [Earth Mass],,,,,,,,,,,,,,,,,,,,,,,,,,,,,,,
# COLUMN pl_insol:       Insolation Flux [Earth Flux],,,,,,,,,,,,,,,,,,,,,,,,,,,,,,,
# COLUMN pl_eqt:         Equilibrium Temperature [K],,,,,,,,,,,,,,,,,,,,,,,,,,,,,,,
# COLUMN ttv_flag:       Data show Transit Timing Variations,,,,,,,,,,,,,,,,,,,,,,,,,,,,,,,
# COLUMN st_refname:     Stellar Parameter Reference,,,,,,,,,,,,,,,,,,,,,,,,,,,,,,,
# COLUMN st_spectype:    Spectral Type,,,,,,,,,,,,,,,,,,,,,,,,,,,,,,,
# COLUMN st_teff:        Stellar Effective Temperature [K],,,,,,,,,,,,,,,,,,,,,,,,,,,,,,,
# COLUMN st_rad:         Stellar Radius [Solar Radius],,,,,,,,,,,,,,,,,,,,,,,,,,,,,,,
# COLUMN st_mass:        Stellar Mass [Solar mass],,,,,,,,,,,,,,,,,,,,,,,,,,,,,,,
# COLUMN st_met:         Stellar Metallicity [dex],,,,,,,,,,,,,,,,,,,,,,,,,,,,,,,
# COLUMN st_metratio:    Stellar Metallicity Ratio,,,,,,,,,,,,,,,,,,,,,,,,,,,,,,,
# COLUMN st_logg:        Stellar Surface Gravity [log10(cm/s**2)],,,,,,,,,,,,,,,,,,,,,,,,,,,,,,,
# COLUMN sy_refname:     System Parameter Reference,,,,,,,,,,,,,,,,,,,,,,,,,,,,,,,
# COLUMN rastr:          RA [sexagesimal],,,,,,,,,,,,,,,,,,,,,,,,,,,,,,,
# COLUMN ra:             RA [deg],,,,,,,,,,,,,,,,,,,,,,,,,,,,,,,
# COLUMN decstr:         Dec [sexagesimal],,,,,,,,,,,,,,,,,,,,,,,,,,,,,,,
# COLUMN dec:            Dec [deg],,,,,,,,,,,,,,,,,,,,,,,,,,,,,,,
# COLUMN sy_dist:        Distance [pc],,,,,,,,,,,,,,,,,,,,,,,,,,,,,,,
# COLUMN pl_pubdate:     Planetary Parameter Reference Publication Date,,,,,,,,,,,,,,,,,,,,,,,,,,,,,,,
# COLUMN releasedate:    Release Date,,,,,,,,,,,,,,,,,,,,,,,,,,,,,,,
#,,,,,,,,,,,,,,,,,,,,,,,,,,,,,,,
pl_name,disc_year,ra [dec],dec [deg],distance [pc],,,,,,,,,,,,,,,,,,,,,,,,,,,
AU Mic b,2020,311.2911369,-31.34245,9.7221,,,,,,,,,,,,,,,,,,,,,,,,,,,
AU Mic c,2021,311.2911369,-31.34245,9.7221,,,,,,,,,,,,,,,,,,,,,,,,,,,
BD-14 3065 b,2024,153.6696689,-15.6428372,589.423,,,,,,,,,,,,,,,,,,,,,,,,,,,
DS Tuc A b,2019,354.9154673,-69.196043,44.0622,,,,,,,,,,,,,,,,,,,,,,,,,,,
GJ 1252 b,2020,306.9286462,-56.4622865,20.373,,,,,,,,,,,,,,,,,,,,,,,,,,,
GJ 143 b,2019,51.7501882,-63.500166,16.32,,,,,,,,,,,,,,,,,,,,,,,,,,,
GJ 238 b,2024,98.454881,-58.5250316,15.2142,,,,,,,,,,,,,,,,,,,,,,,,,,,
GJ 3090 b,2022,20.4384281,-46.7147234,22.4751,,,,,,,,,,,,,,,,,,,,,,,,,,,
GJ 3473 b,2020,120.5936065,3.3371629,27.3644,,,,,,,,,,,,,,,,,,,,,,,,,,,
GJ 357 b,2019,144.0074644,-21.6650634,9.44181,,,,,,,,,,,,,,,,,,,,,,,,,,,
GJ 367 b,2021,146.121464,-45.7790165,9.41263,,,,,,,,,,,,,,,,,,,,,,,,,,,
GJ 3929 b,2022,239.5775678,35.4081141,15.8095,,,,,,,,,,,,,,,,,,,,,,,,,,,
GJ 806 b,2023,311.2697002,44.5002351,12.0445,,,,,,,,,,,,,,,,,,,,,,,,,,,
Gliese 12 b,2024,3.9579137,13.5576175,12.21,,,,,,,,,,,,,,,,,,,,,,,,,,,
HD 108236 b,2020,186.5740627,-51.3630519,64.5978,,,,,,,,,,,,,,,,,,,,,,,,,,,
HD 108236 c,2020,186.5740627,-51.3630519,64.5978,,,,,,,,,,,,,,,,,,,,,,,,,,,
HD 108236 d,2020,186.5740627,-51.3630519,64.5978,,,,,,,,,,,,,,,,,,,,,,,,,,,
HD 108236 e,2020,186.5740627,-51.3630519,64.5978,,,,,,,,,,,,,,,,,,,,,,,,,,,
HD 109833 b,2022,189.7758591,-74.5740205,79.5561,,,,,,,,,,,,,,,,,,,,,,,,,,,
HD 109833 c,2022,189.7758591,-74.5740205,79.5561,,,,,,,,,,,,,,,,,,,,,,,,,,,
HD 110082 b,2021,192.5892855,-88.1211107,105.096,,,,,,,,,,,,,,,,,,,,,,,,,,,
HD 110113 b,2021,190.0365636,-44.3120777,106.307,,,,,,,,,,,,,,,,,,,,,,,,,,,
HD 135694 b,2023,227.8678636,71.8412965,73.8713,,,,,,,,,,,,,,,,,,,,,,,,,,,
HD 1397 b,2018,4.4471631,-66.3589285,79.5702,,,,,,,,,,,,,,,,,,,,,,,,,,,
HD 152843 b,2021,253.7848853,20.491524,107.898,,,,,,,,,,,,,,,,,,,,,,,,,,,
HD 152843 c,2021,253.7848853,20.491524,107.898,,,,,,,,,,,,,,,,,,,,,,,,,,,
HD 15337 b,2019,36.8678846,-27.6361171,44.8155,,,,,,,,,,,,,,,,,,,,,,,,,,,
HD 15337 c,2019,36.8678846,-27.6361171,44.8155,,,,,,,,,,,,,,,,,,,,,,,,,,,
HD 15906 b,2023,38.2712534,-10.352178,45.5621,,,,,,,,,,,,,,,,,,,,,,,,,,,
HD 15906 c,2023,38.2712534,-10.352178,45.5621,,,,,,,,,,,,,,,,,,,,,,,,,,,
HD 183579 b,2021,293.2866147,-54.5327284,57.2651,,,,,,,,,,,,,,,,,,,,,,,,,,,
HD 18599 b,2022,44.2620144,-56.1918694,38.5653,,,,,,,,,,,,,,,,,,,,,,,,,,,
HD 191939 b,2020,302.0256247,66.8503014,53.6089,,,,,,,,,,,,,,,,,,,,,,,,,,,
HD 191939 c,2020,302.0256247,66.8503014,53.6089,,,,,,,,,,,,,,,,,,,,,,,,,,,
HD 191939 d,2020,302.0256247,66.8503014,53.6089,,,,,,,,,,,,,,,,,,,,,,,,,,,
HD 202772 A b,2019,319.6995877,-26.6163743,161.498,,,,,,,,,,,,,,,,,,,,,,,,,,,
HD 20329 b,2022,49.178124,15.6563542,63.6796,,,,,,,,,,,,,,,,,,,,,,,,,,,
HD 207496 b,2023,328.7181708,-77.3388025,23.606,,,,,,,,,,,,,,,,,,,,,,,,,,,
HD 207897 b,2021,325.2016451,84.3337613,28.2938,,,,,,,,,,,,,,,,,,,,,,,,,,,
HD 213885 b,2019,338.9837166,-59.864829,48.0883,,,,,,,,,,,,,,,,,,,,,,,,,,,
HD 21520 b,2024,51.6403449,-43.6136649,79.208,,,,,,,,,,,,,,,,,,,,,,,,,,,
HD 21749 c,2019,51.7501882,-63.500166,16.32,,,,,,,,,,,,,,,,,,,,,,,,,,,
HD 219666 b,2018,349.5592665,-56.9039857,94.1719,,,,,,,,,,,,,,,,,,,,,,,,,,,
HD 221416 b,2019,353.0331863,-21.8012007,95.5483,,,,,,,,,,,,,,,,,,,,,,,,,,,
HD 22946 d,2023,54.819538,-42.7630276,62.7792,,,,,,,,,,,,,,,,,,,,,,,,,,,
HD 23472 b,2019,55.4590314,-62.7672667,39.0341,,,,,,,,,,,,,,,,,,,,,,,,,,,
HD 23472 c,2019,55.4590314,-62.7672667,39.0341,,,,,,,,,,,,,,,,,,,,,,,,,,,
HD 23472 d,2022,55.4590314,-62.7672667,39.0341,,,,,,,,,,,,,,,,,,,,,,,,,,,
HD 23472 e,2022,55.4590314,-62.7672667,39.0341,,,,,,,,,,,,,,,,,,,,,,,,,,,
HD 23472 f,2022,55.4590314,-62.7672667,39.0341,,,,,,,,,,,,,,,,,,,,,,,,,,,
HD 235088 b,2023,300.6154535,53.3774418,41.1706,,,,,,,,,,,,,,,,,,,,,,,,,,,
HD 25463 b,2023,60.7483361,9.2077676,45.6181,,,,,,,,,,,,,,,,,,,,,,,,,,,
HD 25463 c,2023,60.7483361,9.2077676,45.6181,,,,,,,,,,,,,,,,,,,,,,,,,,,
HD 260655 b,2022,99.2915429,17.5662696,10.0055,,,,,,,,,,,,,,,,,,,,,,,,,,,
HD 260655 c,2022,99.2915429,17.5662696,10.0055,,,,,,,,,,,,,,,,,,,,,,,,,,,
HD 2685 b,2019,7.3289156,-76.304032,196.852,,,,,,,,,,,,,,,,,,,,,,,,,,,
HD 28109 b,2022,65.2383065,-68.1026875,139.611,,,,,,,,,,,,,,,,,,,,,,,,,,,
HD 28109 c,2022,65.2383065,-68.1026875,139.611,,,,,,,,,,,,,,,,,,,,,,,,,,,
HD 28109 d,2022,65.2383065,-68.1026875,139.611,,,,,,,,,,,,,,,,,,,,,,,,,,,
HD 332231 b,2020,306.741134,33.7443882,80.6665,,,,,,,,,,,,,,,,,,,,,,,,,,,
HD 42813 b,2023,93.0578446,-14.6493167,68.192,,,,,,,,,,,,,,,,,,,,,,,,,,,
HD 5278 b,2021,12.5467785,-83.7437671,57.5846,,,,,,,,,,,,,,,,,,,,,,,,,,,
HD 56414 b,2022,107.8436846,-68.8333403,272.217,,,,,,,,,,,,,,,,,,,,,,,,,,,
HD 6061 b,2023,15.5981441,37.1854394,67.6203,,,,,,,,,,,,,,,,,,,,,,,,,,,
HD 63433 b,2020,117.4793699,27.3631342,22.4035,,,,,,,,,,,,,,,,,,,,,,,,,,,
HD 63433 c,2020,117.4793699,27.3631342,22.4035,,,,,,,,,,,,,,,,,,,,,,,,,,,
HD 63433 d,2023,117.4793699,27.3631342,22.4035,,,,,,,,,,,,,,,,,,,,,,,,,,,
HD 63935 b,2021,117.9246417,9.3852412,48.9739,,,,,,,,,,,,,,,,,,,,,,,,,,,
HD 73583 b,2022,129.6883026,-13.2565267,31.5666,,,,,,,,,,,,,,,,,,,,,,,,,,,
HD 73583 c,2022,129.6883026,-13.2565267,31.5666,,,,,,,,,,,,,,,,,,,,,,,,,,,
HD 77946 b,2024,136.777644,46.6724251,99.451,,,,,,,,,,,,,,,,,,,,,,,,,,,
HD 86226 c,2020,149.1235154,-24.0991859,45.683,,,,,,,,,,,,,,,,,,,,,,,,,,,
HD 93963 A b,2022,162.7766969,25.641065,82.3432,,,,,,,,,,,,,,,,,,,,,,,,,,,
HD 93963 A c,2022,162.7766969,25.641065,82.3432,,,,,,,,,,,,,,,,,,,,,,,,,,,
HIP 113103 b,2023,343.5723794,-43.0102291,46.2122,,,,,,,,,,,,,,,,,,,,,,,,,,,
HIP 113103 c,2023,343.5723794,-43.0102291,46.2122,,,,,,,,,,,,,,,,,,,,,,,,,,,
HIP 65 A b,2020,0.1856063,-54.8308228,61.7856,,,,,,,,,,,,,,,,,,,,,,,,,,,
HIP 67522 b,2020,207.526001,-40.8358961,127.28,,,,,,,,,,,,,,,,,,,,,,,,,,,
HIP 67522 c,2024,207.526001,-40.8358961,127.28,,,,,,,,,,,,,,,,,,,,,,,,,,,
HIP 8152 b,2023,26.2092533,-18.4013844,101.694,,,,,,,,,,,,,,,,,,,,,,,,,,,
HIP 8152 c,2023,26.2092533,-18.4013844,101.694,,,,,,,,,,,,,,,,,,,,,,,,,,,
HIP 94235 b,2022,287.7411441,-60.2726358,58.5146,,,,,,,,,,,,,,,,,,,,,,,,,,,
HIP 9618 b,2023,30.9050061,21.2813274,67.5478,,,,,,,,,,,,,,,,,,,,,,,,,,,
HIP 9618 c,2023,30.9050061,21.2813274,67.5478,,,,,,,,,,,,,,,,,,,,,,,,,,,
HIP 97166 b,2021,296.2446203,74.0628577,65.9501,,,,,,,,,,,,,,,,,,,,,,,,,,,
HR 858 b,2019,42.9849779,-30.8140609,31.964,,,,,,,,,,,,,,,,,,,,,,,,,,,
HR 858 c,2019,42.9849779,-30.8140609,31.964,,,,,,,,,,,,,,,,,,,,,,,,,,,
HR 858 d,2019,42.9849779,-30.8140609,31.964,,,,,,,,,,,,,,,,,,,,,,,,,,,
L 168-9 b,2020,350.0285917,-60.0657292,25.1496,,,,,,,,,,,,,,,,,,,,,,,,,,,
L 98-59 b,2019,124.5328604,-68.3144658,10.6194,,,,,,,,,,,,,,,,,,,,,,,,,,,
L 98-59 c,2019,124.5328604,-68.3144658,10.6194,,,,,,,,,,,,,,,,,,,,,,,,,,,
L 98-59 d,2019,124.5328604,-68.3144658,10.6194,,,,,,,,,,,,,,,,,,,,,,,,,,,
LHS 1478 b,2021,44.3388743,76.5514045,18.2276,,,,,,,,,,,,,,,,,,,,,,,,,,,
LHS 1678 b,2021,68.1789866,-39.7908744,19.8782,,,,,,,,,,,,,,,,,,,,,,,,,,,
LHS 1678 c,2021,68.1789866,-39.7908744,19.8782,,,,,,,,,,,,,,,,,,,,,,,,,,,
LHS 1678 d,2024,68.1789866,-39.7908744,19.8782,,,,,,,,,,,,,,,,,,,,,,,,,,,
LHS 1815 b,2020,91.0899861,-55.3115376,29.8424,,,,,,,,,,,,,,,,,,,,,,,,,,,
LHS 3844 b,2019,340.4962038,-69.1721081,14.8846,,,,,,,,,,,,,,,,,,,,,,,,,,,
LHS 475 b,2023,290.2379403,-82.5597883,12.4814,,,,,,,,,,,,,,,,,,,,,,,,,,,
LP 714-47 b,2020,64.1902212,-12.0848643,52.616,,,,,,,,,,,,,,,,,,,,,,,,,,,
LP 791-18 b,2019,165.6904843,-16.4064445,26.4927,,,,,,,,,,,,,,,,,,,,,,,,,,,
LP 791-18 c,2019,165.6904843,-16.4064445,26.4927,,,,,,,,,,,,,,,,,,,,,,,,,,,
LP 890-9 b,2022,64.1309096,-28.3157909,32.4298,,,,,,,,,,,,,,,,,,,,,,,,,,,
LTT 1445 A b,2019,45.4624781,-16.5944956,6.86929,,,,,,,,,,,,,,,,,,,,,,,,,,,
LTT 1445 A c,2022,45.4624781,-16.5944956,6.86929,,,,,,,,,,,,,,,,,,,,,,,,,,,
LTT 3780 b,2020,154.6449033,-11.717801,21.9814,,,,,,,,,,,,,,,,,,,,,,,,,,,
LTT 3780 c,2020,154.6449033,-11.717801,21.9814,,,,,,,,,,,,,,,,,,,,,,,,,,,
LTT 9779 b,2020,358.6688767,-37.6282237,80.4373,,,,,,,,,,,,,,,,,,,,,,,,,,,
NGTS-11 b,2020,23.5214497,-14.4191493,190.422,,,,,,,,,,,,,,,,,,,,,,,,,,,
NGTS-20 b,2022,46.2926368,-21.9336472,382.898,,,,,,,,,,,,,,,,,,,,,,,,,,,
NGTS-27 b,2024,206.0265266,-32.5229747,942.122,,,,,,,,,,,,,,,,,,,,,,,,,,,
NGTS-30 b,2024,173.714867,-24.6054801,238.377,,,,,,,,,,,,,,,,,,,,,,,,,,,
TIC 139270665 b,2024,124.0338967,33.2914532,189.875,,,,,,,,,,,,,,,,,,,,,,,,,,,
TIC 172900988 b,2021,128.6616644,31.5539793,250.956,,,,,,,,,,,,,,,,,,,,,,,,,,,
TIC 237913194 b,2020,22.4458116,-60.7399096,306.063,,,,,,,,,,,,,,,,,,,,,,,,,,,
TIC 241249530 b,2024,95.3088995,53.2950203,324.448,,,,,,,,,,,,,,,,,,,,,,,,,,,
TIC 257060897 b,2021,227.5321527,72.7103128,505.703,,,,,,,,,,,,,,,,,,,,,,,,,,,
TIC 279401253 b,2023,57.6572277,-15.0262251,285.584,,,,,,,,,,,,,,,,,,,,,,,,,,,
TIC 365102760 b,2024,305.8398236,54.3943194,555.546,,,,,,,,,,,,,,,,,,,,,,,,,,,
TIC 393818343 b,2024,310.2917002,3.6382967,93.7345,,,,,,,,,,,,,,,,,,,,,,,,,,,
TIC 46432937 b,2024,83.8689794,-14.5971909,90.5369,,,,,,,,,,,,,,,,,,,,,,,,,,,
TIC 4672985 b,2024,38.4706782,-10.6573827,253.385,,,,,,,,,,,,,,,,,,,,,,,,,,,
TOI-1052 b,2023,337.5102738,-75.6465606,129.804,,,,,,,,,,,,,,,,,,,,,,,,,,,
TOI-1062 b,2021,38.1209678,-78.0236828,82.1733,,,,,,,,,,,,,,,,,,,,,,,,,,,
TOI-1064 b,2022,296.0039349,-47.5620305,68.0726,,,,,,,,,,,,,,,,,,,,,,,,,,,
TOI-1064 c,2022,296.0039349,-47.5620305,68.0726,,,,,,,,,,,,,,,,,,,,,,,,,,,
TOI-1075 b,2022,309.9712091,-65.4496994,61.4592,,,,,,,,,,,,,,,,,,,,,,,,,,,
TOI-1107 b,2022,155.6078632,-82.2188693,281.314,,,,,,,,,,,,,,,,,,,,,,,,,,,
TOI-1130 b,2020,286.3760037,-41.4376399,58.2609,,,,,,,,,,,,,,,,,,,,,,,,,,,
TOI-1130 c,2020,286.3760037,-41.4376399,58.2609,,,,,,,,,,,,,,,,,,,,,,,,,,,
TOI-1135 b,2024,193.3963704,85.1294952,114.048,,,,,,,,,,,,,,,,,,,,,,,,,,,
TOI-1136 b,2022,192.1848981,64.8552755,84.5362,,,,,,,,,,,,,,,,,,,,,,,,,,,
TOI-1136 c,2022,192.1848981,64.8552755,84.5362,,,,,,,,,,,,,,,,,,,,,,,,,,,
TOI-1136 d,2022,192.1848981,64.8552755,84.5362,,,,,,,,,,,,,,,,,,,,,,,,,,,
TOI-1136 e,2022,192.1848981,64.8552755,84.5362,,,,,,,,,,,,,,,,,,,,,,,,,,,
TOI-1136 f,2022,192.1848981,64.8552755,84.5362,,,,,,,,,,,,,,,,,,,,,,,,,,,
TOI-1136 g,2022,192.1848981,64.8552755,84.5362,,,,,,,,,,,,,,,,,,,,,,,,,,,
TOI-1173 b,2024,197.6830975,70.7680117,132.353,,,,,,,,,,,,,,,,,,,,,,,,,,,
TOI-1174 b,2024,209.2171751,68.6182106,94.6375,,,,,,,,,,,,,,,,,,,,,,,,,,,
TOI-1180 b,2024,214.5557741,82.1937642,72.0238,,,,,,,,,,,,,,,,,,,,,,,,,,,
TOI-1181 b,2022,297.2158166,64.3543506,302.819,,,,,,,,,,,,,,,,,,,,,,,,,,,
TOI-1184 b,2024,272.2045196,60.6787845,58.5946,,,,,,,,,,,,,,,,,,,,,,,,,,,
TOI-1194 b,2023,167.8214811,69.9647749,149.667,,,,,,,,,,,,,,,,,,,,,,,,,,,
TOI-1199 b,2024,166.8806581,61.3525723,248.427,,,,,,,,,,,,,,,,,,,,,,,,,,,
TOI-1201 b,2021,42.2476999,-14.5372835,37.8871,,,,,,,,,,,,,,,,,,,,,,,,,,,
TOI-122 b,2020,332.9482355,-58.946085,62.118,,,,,,,,,,,,,,,,,,,,,,,,,,,
TOI-1221 b,2023,107.9210254,-65.5088568,138.411,,,,,,,,,,,,,,,,,,,,,,,,,,,
TOI-1224 b,2024,37.1978356,-80.8991053,37.3312,,,,,,,,,,,,,,,,,,,,,,,,,,,
TOI-1224 c,2024,37.1978356,-80.8991053,37.3312,,,,,,,,,,,,,,,,,,,,,,,,,,,
TOI-1227 b,2022,186.7673635,-72.4518501,100.641,,,,,,,,,,,,,,,,,,,,,,,,,,,
TOI-1231 b,2021,156.74726,-52.4678724,27.6227,,,,,,,,,,,,,,,,,,,,,,,,,,,
TOI-1235 b,2020,152.2182549,69.2766204,39.6345,,,,,,,,,,,,,,,,,,,,,,,,,,,
TOI-1244 b,2024,256.279559,69.519093,102.551,,,,,,,,,,,,,,,,,,,,,,,,,,,
TOI-1246 b,2022,251.1158702,70.4299917,169.422,,,,,,,,,,,,,,,,,,,,,,,,,,,
TOI-1246 c,2022,251.1158702,70.4299917,169.422,,,,,,,,,,,,,,,,,,,,,,,,,,,
TOI-1246 d,2022,251.1158702,70.4299917,169.422,,,,,,,,,,,,,,,,,,,,,,,,,,,
TOI-1246 e,2022,251.1158702,70.4299917,169.422,,,,,,,,,,,,,,,,,,,,,,,,,,,
TOI-1248 b,2024,259.0235918,63.1056072,168.735,,,,,,,,,,,,,,,,,,,,,,,,,,,
TOI-1249 b,2024,200.5615762,66.3085331,139.49,,,,,,,,,,,,,,,,,,,,,,,,,,,
TOI-125 b,2019,23.5934253,-66.6763495,111.059,,,,,,,,,,,,,,,,,,,,,,,,,,,
TOI-125 c,2019,23.5934253,-66.6763495,111.059,,,,,,,,,,,,,,,,,,,,,,,,,,,
TOI-125 d,2020,23.5934253,-66.6763495,111.059,,,,,,,,,,,,,,,,,,,,,,,,,,,
TOI-1259 A b,2021,282.1001665,79.2564761,118.106,,,,,,,,,,,,,,,,,,,,,,,,,,,
TOI-1260 b,2021,157.1440712,65.8541986,73.5977,,,,,,,,,,,,,,,,,,,,,,,,,,,
TOI-1260 c,2021,157.1440712,65.8541986,73.5977,,,,,,,,,,,,,,,,,,,,,,,,,,,
TOI-1260 d,2022,157.1440712,65.8541986,73.5977,,,,,,,,,,,,,,,,,,,,,,,,,,,
TOI-1266 b,2020,197.9965833,65.8336973,36.0118,,,,,,,,,,,,,,,,,,,,,,,,,,,
TOI-1266 c,2020,197.9965833,65.8336973,36.0118,,,,,,,,,,,,,,,,,,,,,,,,,,,
TOI-1268 b,2022,198.3885831,62.3053799,109.557,,,,,,,,,,,,,,,,,,,,,,,,,,,
TOI-1269 b,2024,249.6966397,64.559181,172.138,,,,,,,,,,,,,,,,,,,,,,,,,,,
TOI-1272 b,2022,199.1962036,49.8610591,137.572,,,,,,,,,,,,,,,,,,,,,,,,,,,
TOI-1273 b,2024,214.1208564,58.3902534,177.118,,,,,,,,,,,,,,,,,,,,,,,,,,,
TOI-1278 b,2021,320.4784442,35.648625,75.5759,,,,,,,,,,,,,,,,,,,,,,,,,,,
TOI-1279 b,2024,185.0628734,56.2014094,107.055,,,,,,,,,,,,,,,,,,,,,,,,,,,
TOI-128.01,2024,79.5209381,-80.964384,68.4727,,,,,,,,,,,,,,,,,,,,,,,,,,,
TOI-1288 b,2022,313.1670294,65.6087833,114.865,,,,,,,,,,,,,,,,,,,,,,,,,,,
TOI-1294 b,2024,223.0926408,70.4765573,332.648,,,,,,,,,,,,,,,,,,,,,,,,,,,
TOI-1296 b,2021,256.7706392,70.2384806,323.265,,,,,,,,,,,,,,,,,,,,,,,,,,,
TOI-1298 b,2021,241.3229012,70.1900397,319.036,,,,,,,,,,,,,,,,,,,,,,,,,,,
TOI-132 b,2020,338.3996623,-43.436872,163.678,,,,,,,,,,,,,,,,,,,,,,,,,,,
TOI-1333 b,2021,325.0145363,48.4067674,200.492,,,,,,,,,,,,,,,,,,,,,,,,,,,
TOI-1338 b,2020,92.1330955,-59.5409853,399.017,,,,,,,,,,,,,,,,,,,,,,,,,,,
TOI-1347 b,2024,280.3266806,70.2900536,147.476,,,,,,,,,,,,,,,,,,,,,,,,,,,
TOI-1347 c,2024,280.3266806,70.2900536,147.476,,,,,,,,,,,,,,,,,,,,,,,,,,,
TOI-1386 b,2024,334.5041029,54.3190454,146.858,,,,,,,,,,,,,,,,,,,,,,,,,,,
TOI-139 b,2023,336.4024144,-34.9097131,42.4061,,,,,,,,,,,,,,,,,,,,,,,,,,,
TOI-1408 b,2023,313.5110469,72.5806455,139.484,,,,,,,,,,,,,,,,,,,,,,,,,,,
TOI-1408 c,2024,313.5110469,72.5806455,139.484,,,,,,,,,,,,,,,,,,,,,,,,,,,
TOI-1410.01,2024,334.8828486,42.5603141,72.7512,,,,,,,,,,,,,,,,,,,,,,,,,,,
TOI-1411 b,2022,232.946047,47.0555507,32.4778,,,,,,,,,,,,,,,,,,,,,,,,,,,
TOI-1416 b,2023,216.9234892,41.9529862,55.0135,,,,,,,,,,,,,,,,,,,,,,,,,,,
TOI-1420 b,2023,322.9418092,66.3490054,201.918,,,,,,,,,,,,,,,,,,,,,,,,,,,
TOI-1422 b,2022,354.240829,39.6392793,155.141,,,,,,,,,,,,,,,,,,,,,,,,,,,
TOI-1431 b,2021,316.2036922,55.5880221,148.925,,,,,,,,,,,,,,,,,,,,,,,,,,,
TOI-1437 b,2024,256.1387513,56.842549,103.297,,,,,,,,,,,,,,,,,,,,,,,,,,,
TOI-1439 b,2024,241.7639371,67.8776404,230.306,,,,,,,,,,,,,,,,,,,,,,,,,,,
TOI-1442 b,2022,287.2921006,74.1742762,41.1659,,,,,,,,,,,,,,,,,,,,,,,,,,,
TOI-1443 b,2024,297.398678,76.1391776,85.8034,,,,,,,,,,,,,,,,,,,,,,,,,,,
TOI-1444 b,2021,305.4749252,70.9437054,125.463,,,,,,,,,,,,,,,,,,,,,,,,,,,
TOI-1448 b,2024,316.324003,57.7710946,73.3345,,,,,,,,,,,,,,,,,,,,,,,,,,,
TOI-1450 A b,2024,286.8540627,59.0866254,22.4467,,,,,,,,,,,,,,,,,,,,,,,,,,,
TOI-1451 b,2024,186.5242821,61.2589289,91.9362,,,,,,,,,,,,,,,,,,,,,,,,,,,
TOI-1452 b,2022,290.1739741,73.1951082,30.5212,,,,,,,,,,,,,,,,,,,,,,,,,,,
TOI-1467 b,2024,19.1146441,49.2331382,37.4418,,,,,,,,,,,,,,,,,,,,,,,,,,,
TOI-1468 b,2022,16.6538724,19.2249195,24.7399,,,,,,,,,,,,,,,,,,,,,,,,,,,
TOI-1468 c,2022,16.6538724,19.2249195,24.7399,,,,,,,,,,,,,,,,,,,,,,,,,,,
TOI-1470 b,2023,10.0891431,61.2133868,51.9503,,,,,,,,,,,,,,,,,,,,,,,,,,,
TOI-1470 c,2023,10.0891431,61.2133868,51.9503,,,,,,,,,,,,,,,,,,,,,,,,,,,
TOI-1472 b,2024,14.1142611,48.6375168,121.84,,,,,,,,,,,,,,,,,,,,,,,,,,,
TOI-1478 b,2021,126.4337428,-13.5595485,152.892,,,,,,,,,,,,,,,,,,,,,,,,,,,
TOI-150.01,2019,112.965421,-73.6060358,336.267,,,,,,,,,,,,,,,,,,,,,,,,,,,
TOI-1516 b,2022,340.0846204,69.5037313,247.054,,,,,,,,,,,,,,,,,,,,,,,,,,,
TOI-157 b,2020,73.7014398,-76.6806061,355.683,,,,,,,,,,,,,,,,,,,,,,,,,,,
TOI-1601 b,2021,38.361569,41.0134321,336.608,,,,,,,,,,,,,,,,,,,,,,,,,,,
TOI-163 b,2019,79.7682532,-71.8955269,411.719,,,,,,,,,,,,,,,,,,,,,,,,,,,
TOI-1634 b,2021,56.3906096,37.1122803,35.2736,,,,,,,,,,,,,,,,,,,,,,,,,,,
TOI-1669 c,2024,45.9564744,83.5874273,111.276,,,,,,,,,,,,,,,,,,,,,,,,,,,
TOI-1670 b,2022,259.0172522,72.1611806,168.067,,,,,,,,,,,,,,,,,,,,,,,,,,,
TOI-1670 c,2022,259.0172522,72.1611806,168.067,,,,,,,,,,,,,,,,,,,,,,,,,,,
TOI-1680 b,2023,292.313979,65.9738018,37.2209,,,,,,,,,,,,,,,,,,,,,,,,,,,
TOI-1683.01,2024,65.9796504,27.8223701,51.1884,,,,,,,,,,,,,,,,,,,,,,,,,,,
TOI-1685 b,2021,68.5939529,43.0370395,37.6153,,,,,,,,,,,,,,,,,,,,,,,,,,,
TOI-169 b,2020,16.7786879,-75.1989452,407.84,,,,,,,,,,,,,,,,,,,,,,,,,,,
TOI-1691 b,2024,272.4041179,86.860343,111.445,,,,,,,,,,,,,,,,,,,,,,,,,,,
TOI-1693 b,2022,90.3083455,34.7730904,30.7947,,,,,,,,,,,,,,,,,,,,,,,,,,,
TOI-1694 b,2023,97.7487104,66.3605956,124.68,,,,,,,,,,,,,,,,,,,,,,,,,,,
TOI-1695 b,2022,21.9217346,72.2966148,45.1309,,,,,,,,,,,,,,,,,,,,,,,,,,,
TOI-1696 b,2022,65.280648,48.8198312,64.9172,,,,,,,,,,,,,,,,,,,,,,,,,,,
TOI-1710 b,2022,94.2838373,76.21102,81.2271,,,,,,,,,,,,,,,,,,,,,,,,,,,
TOI-172 b,2019,316.6318791,-26.6928654,342.831,,,,,,,,,,,,,,,,,,,,,,,,,,,
TOI-1723 b,2024,116.7971978,68.4766845,100.727,,,,,,,,,,,,,,,,,,,,,,,,,,,
TOI-1728 b,2020,120.6116787,64.7971531,60.798,,,,,,,,,,,,,,,,,,,,,,,,,,,
TOI-1736 b,2023,43.4344615,69.101345,88.9482,,,,,,,,,,,,,,,,,,,,,,,,,,,
TOI-1739 b,2024,240.172481,83.2586589,70.9819,,,,,,,,,,,,,,,,,,,,,,,,,,,
TOI-1742 b,2024,257.3288678,71.8766724,72.8871,,,,,,,,,,,,,,,,,,,,,,,,,,,
TOI-1749 b,2021,282.7372281,64.419466,99.5561,,,,,,,,,,,,,,,,,,,,,,,,,,,
TOI-1749 c,2021,282.7372281,64.419466,99.5561,,,,,,,,,,,,,,,,,,,,,,,,,,,
TOI-1749 d,2021,282.7372281,64.419466,99.5561,,,,,,,,,,,,,,,,,,,,,,,,,,,
TOI-1751 b,2024,243.4888534,63.5335297,113.335,,,,,,,,,,,,,,,,,,,,,,,,,,,
TOI-1753 b,2024,252.4698351,61.1735768,226.671,,,,,,,,,,,,,,,,,,,,,,,,,,,
TOI-1758 b,2024,354.741581,75.6852317,96.6215,,,,,,,,,,,,,,,,,,,,,,,,,,,
TOI-1759 b,2022,326.8516615,62.7538164,40.0654,,,,,,,,,,,,,,,,,,,,,,,,,,,
TOI-1775 b,2024,150.1151015,39.4577506,149.234,,,,,,,,,,,,,,,,,,,,,,,,,,,
TOI-1776 b,2024,164.7772913,40.9837182,44.647,,,,,,,,,,,,,,,,,,,,,,,,,,,
TOI-178 b,2021,7.3020115,-30.4541159,62.699,,,,,,,,,,,,,,,,,,,,,,,,,,,
TOI-178 c,2021,7.3020115,-30.4541159,62.699,,,,,,,,,,,,,,,,,,,,,,,,,,,
TOI-178 d,2021,7.3020115,-30.4541159,62.699,,,,,,,,,,,,,,,,,,,,,,,,,,,
TOI-178 e,2021,7.3020115,-30.4541159,62.699,,,,,,,,,,,,,,,,,,,,,,,,,,,
TOI-178 g,2021,7.3020115,-30.4541159,62.699,,,,,,,,,,,,,,,,,,,,,,,,,,,
TOI-1789 b,2021,142.743406,26.5399951,229.067,,,,,,,,,,,,,,,,,,,,,,,,,,,
TOI-1794 b,2024,203.3974857,49.0608433,155.791,,,,,,,,,,,,,,,,,,,,,,,,,,,
TOI-1798.01,2024,211.0939367,46.5192825,113.181,,,,,,,,,,,,,,,,,,,,,,,,,,,
TOI-1798.02,2024,211.0939367,46.5192825,113.181,,,,,,,,,,,,,,,,,,,,,,,,,,,
TOI-1799 b,2024,167.2329152,34.3030149,62.1274,,,,,,,,,,,,,,,,,,,,,,,,,,,
TOI-1801 b,2023,175.5755995,23.0270335,30.6796,,,,,,,,,,,,,,,,,,,,,,,,,,,
TOI-1806.01,2024,166.1181474,30.4585763,55.5211,,,,,,,,,,,,,,,,,,,,,,,,,,,
TOI-1807 b,2021,201.2826259,38.9223671,42.5775,,,,,,,,,,,,,,,,,,,,,,,,,,,
TOI-181 b,2023,352.1725409,-34.4914099,96.2338,,,,,,,,,,,,,,,,,,,,,,,,,,,
TOI-1811 b,2023,188.9223576,27.2143766,128.23,,,,,,,,,,,,,,,,,,,,,,,,,,,
TOI-1820 b,2022,187.6867207,27.4520016,248.504,,,,,,,,,,,,,,,,,,,,,,,,,,,
TOI-1823 b,2024,196.2197201,63.753261,71.6456,,,,,,,,,,,,,,,,,,,,,,,,,,,
TOI-1824 b,2024,197.7312286,61.7448492,59.4314,,,,,,,,,,,,,,,,,,,,,,,,,,,
TOI-1836 b,2024,245.9079242,54.6900774,191.649,,,,,,,,,,,,,,,,,,,,,,,,,,,
TOI-1836 c,2024,245.9079242,54.6900774,191.649,,,,,,,,,,,,,,,,,,,,,,,,,,,
TOI-1842 b,2021,201.9626552,9.0306437,223.465,,,,,,,,,,,,,,,,,,,,,,,,,,,
TOI-1853 b,2023,211.4593468,16.9923703,165.105,,,,,,,,,,,,,,,,,,,,,,,,,,,
TOI-1855 b,2024,205.3539534,17.6868719,176.833,,,,,,,,,,,,,,,,,,,,,,,,,,,
TOI-1859 b,2023,279.8317644,69.5228726,224.385,,,,,,,,,,,,,,,,,,,,,,,,,,,
TOI-1860 b,2022,226.4567308,64.0476821,45.864,,,,,,,,,,,,,,,,,,,,,,,,,,,
TOI-1898 b,2024,144.5553,23.5467464,79.6682,,,,,,,,,,,,,,,,,,,,,,,,,,,
TOI-1899 b,2020,299.4268472,40.1433462,128.438,,,,,,,,,,,,,,,,,,,,,,,,,,,
TOI-1937 A b,2023,116.3707214,-52.3832587,415.135,,,,,,,,,,,,,,,,,,,,,,,,,,,
TOI-198 b,2023,2.2715087,-27.1217452,23.7262,,,,,,,,,,,,,,,,,,,,,,,,,,,
TOI-199 b,2023,80.1058735,-59.8954326,102.27,,,,,,,,,,,,,,,,,,,,,,,,,,,
TOI-1994 b,2024,147.1745753,-51.756564,515.603,,,,,,,,,,,,,,,,,,,,,,,,,,,
TOI-2000 b,2023,146.3970631,-66.6866307,175.713,,,,,,,,,,,,,,,,,,,,,,,,,,,
TOI-2000 c,2023,146.3970631,-66.6866307,175.713,,,,,,,,,,,,,,,,,,,,,,,,,,,
TOI-201 b,2021,87.4017825,-54.910423,113.825,,,,,,,,,,,,,,,,,,,,,,,,,,,
TOI-2010 b,2023,292.1669417,53.4873694,109.19,,,,,,,,,,,,,,,,,,,,,,,,,,,
TOI-2015 b,2023,232.1326528,27.361073,47.3444,,,,,,,,,,,,,,,,,,,,,,,,,,,
TOI-2018 b,2023,229.8374423,29.2078771,27.9956,,,,,,,,,,,,,,,,,,,,,,,,,,,
TOI-2019 b,2024,234.4317651,48.955206,198.007,,,,,,,,,,,,,,,,,,,,,,,,,,,
TOI-2025 b,2022,282.7952558,82.2454143,335.985,,,,,,,,,,,,,,,,,,,,,,,,,,,
TOI-2046 b,2022,16.1849423,74.3313055,289.668,,,,,,,,,,,,,,,,,,,,,,,,,,,
TOI-2048 b,2022,237.9241066,52.3063083,116.567,,,,,,,,,,,,,,,,,,,,,,,,,,,
TOI-206 b,2022,73.7382202,-62.521874,47.7465,,,,,,,,,,,,,,,,,,,,,,,,,,,
TOI-2068 b,2024,186.27356,60.4183455,52.9328,,,,,,,,,,,,,,,,,,,,,,,,,,,
TOI-2076 b,2021,217.3920159,39.7903991,41.9091,,,,,,,,,,,,,,,,,,,,,,,,,,,
TOI-2076 c,2021,217.3920159,39.7903991,41.9091,,,,,,,,,,,,,,,,,,,,,,,,,,,
TOI-2076 d,2021,217.3920159,39.7903991,41.9091,,,,,,,,,,,,,,,,,,,,,,,,,,,
TOI-2081 b,2022,264.3022634,53.0255666,62.3446,,,,,,,,,,,,,,,,,,,,,,,,,,,
TOI-2084 b,2023,259.2545389,72.7470231,114.549,,,,,,,,,,,,,,,,,,,,,,,,,,,
TOI-2088 b,2024,261.3748943,75.8822796,126.46,,,,,,,,,,,,,,,,,,,,,,,,,,,
TOI-2095 b,2023,285.6365235,75.4185135,41.9176,,,,,,,,,,,,,,,,,,,,,,,,,,,
TOI-2095 c,2023,285.6365235,75.4185135,41.9176,,,,,,,,,,,,,,,,,,,,,,,,,,,
TOI-2096 b,2023,151.6186989,74.8272107,48.4809,,,,,,,,,,,,,,,,,,,,,,,,,,,
TOI-2096 c,2023,151.6186989,74.8272107,48.4809,,,,,,,,,,,,,,,,,,,,,,,,,,,
TOI-2107 b,2024,286.7965405,-58.6968348,236.705,,,,,,,,,,,,,,,,,,,,,,,,,,,
TOI-2109 b,2021,253.1862971,16.5799153,262.041,,,,,,,,,,,,,,,,,,,,,,,,,,,
TOI-2120 b,2024,23.507315,65.5139877,32.1755,,,,,,,,,,,,,,,,,,,,,,,,,,,
TOI-2128 b,2024,256.9817998,32.1053027,36.578,,,,,,,,,,,,,,,,,,,,,,,,,,,
TOI-2134 b,2023,271.9355015,39.0729269,22.6202,,,,,,,,,,,,,,,,,,,,,,,,,,,
TOI-2134 c,2023,271.9355015,39.0729269,22.6202,,,,,,,,,,,,,,,,,,,,,,,,,,,
TOI-2136 b,2022,281.1763433,36.5631318,33.3631,,,,,,,,,,,,,,,,,,,,,,,,,,,
TOI-2141 b,2023,258.7623456,18.3403449,77.682,,,,,,,,,,,,,,,,,,,,,,,,,,,
TOI-2145 b,2023,263.7580753,40.6950428,224.731,,,,,,,,,,,,,,,,,,,,,,,,,,,
TOI-2152 A b,2023,26.3389717,77.7901231,303.006,,,,,,,,,,,,,,,,,,,,,,,,,,,
TOI-2154 b,2023,71.0281482,84.3642652,296.46,,,,,,,,,,,,,,,,,,,,,,,,,,,
TOI-2158 b,2022,276.8100527,20.5268868,198.473,,,,,,,,,,,,,,,,,,,,,,,,,,,
TOI-216.01,2019,73.9800129,-63.2603301,177.945,,,,,,,,,,,,,,,,,,,,,,,,,,,
TOI-216.02,2019,73.9800129,-63.2603301,177.945,,,,,,,,,,,,,,,,,,,,,,,,,,,
TOI-2180 b,2022,277.94363,56.6506789,116.685,,,,,,,,,,,,,,,,,,,,,,,,,,,
TOI-2184 b,2022,100.8331246,-66.9476563,788.317,,,,,,,,,,,,,,,,,,,,,,,,,,,
TOI-2193 A b,2022,313.691232,-72.8046404,337.064,,,,,,,,,,,,,,,,,,,,,,,,,,,
TOI-2194 b,2023,299.1563393,-31.3351812,19.5711,,,,,,,,,,,,,,,,,,,,,,,,,,,
TOI-2196 b,2022,312.3400744,-70.4850723,259.947,,,,,,,,,,,,,,,,,,,,,,,,,,,
TOI-220 b,2021,91.7996988,-61.9972098,90.7402,,,,,,,,,,,,,,,,,,,,,,,,,,,
TOI-2202 b,2021,51.2284214,-73.9575458,235.933,,,,,,,,,,,,,,,,,,,,,,,,,,,
TOI-2207 b,2022,307.5966925,-44.8876181,373.345,,,,,,,,,,,,,,,,,,,,,,,,,,,
TOI-2236 b,2022,20.1660113,-86.979965,355.59,,,,,,,,,,,,,,,,,,,,,,,,,,,
TOI-2257 b,2021,194.7396141,77.6617157,57.7911,,,,,,,,,,,,,,,,,,,,,,,,,,,
TOI-2260 b,2022,247.6669998,49.0467891,101.251,,,,,,,,,,,,,,,,,,,,,,,,,,,
TOI-2266 b,2024,245.2800398,31.5770413,51.6004,,,,,,,,,,,,,,,,,,,,,,,,,,,
TOI-2285 b,2021,332.5632644,58.7060934,42.409,,,,,,,,,,,,,,,,,,,,,,,,,,,
TOI-2337 b,2022,290.6198948,60.8539035,536.046,,,,,,,,,,,,,,,,,,,,,,,,,,,
TOI-2338 b,2023,81.3445824,-34.6682491,313.996,,,,,,,,,,,,,,,,,,,,,,,,,,,
TOI-2364 b,2023,89.1300265,-5.0120298,219.614,,,,,,,,,,,,,,,,,,,,,,,,,,,
TOI-2368 b,2024,134.9576234,-48.4884929,210.915,,,,,,,,,,,,,,,,,,,,,,,,,,,
TOI-237 b,2020,353.2435381,-29.416487,38.0749,,,,,,,,,,,,,,,,,,,,,,,,,,,
TOI-2373 b,2023,61.6862197,-16.7557546,508.686,,,,,,,,,,,,,,,,,,,,,,,,,,,
TOI-2374 b,2024,319.4982407,-22.0498228,134.655,,,,,,,,,,,,,,,,,,,,,,,,,,,
TOI-2379 b,2024,358.0920465,-53.043156,211.247,,,,,,,,,,,,,,,,,,,,,,,,,,,
TOI-238 b,2024,349.2310814,-18.6066463,80.5407,,,,,,,,,,,,,,,,,,,,,,,,,,,
TOI-2384 b,2024,36.1561463,-65.0001957,191.51,,,,,,,,,,,,,,,,,,,,,,,,,,,
TOI-2406 b,2021,8.8060544,-3.3720833,55.419,,,,,,,,,,,,,,,,,,,,,,,,,,,
TOI-2411 b,2022,20.9224567,-8.7017944,59.5362,,,,,,,,,,,,,,,,,,,,,,,,,,,
TOI-2416 b,2023,57.3389409,-60.7871861,557.733,,,,,,,,,,,,,,,,,,,,,,,,,,,
TOI-2421 b,2022,33.1540208,-35.3909182,327.927,,,,,,,,,,,,,,,,,,,,,,,,,,,
TOI-2427 b,2022,52.2917315,-31.3628665,28.5147,,,,,,,,,,,,,,,,,,,,,,,,,,,
TOI-244 b,2023,10.5697537,-36.7179743,22.0337,,,,,,,,,,,,,,,,,,,,,,,,,,,
TOI-2443 b,2023,40.1798608,1.1996757,23.9258,,,,,,,,,,,,,,,,,,,,,,,,,,,
TOI-2445 b,2022,43.3161555,0.0523366,48.582,,,,,,,,,,,,,,,,,,,,,,,,,,,
TOI-2447 b,2024,70.9975864,-31.9066369,148.987,,,,,,,,,,,,,,,,,,,,,,,,,,,
TOI-2459 b,2023,82.1433321,-39.3730456,36.6113,,,,,,,,,,,,,,,,,,,,,,,,,,,
TOI-2497 b,2023,90.0625878,11.8840577,285.289,,,,,,,,,,,,,,,,,,,,,,,,,,,
TOI-2498 b,2023,95.4162204,11.2516477,275.265,,,,,,,,,,,,,,,,,,,,,,,,,,,
TOI-251 b,2021,353.0620655,-37.2558629,99.523,,,,,,,,,,,,,,,,,,,,,,,,,,,
TOI-2524 b,2023,160.8868435,-1.9126984,438.842,,,,,,,,,,,,,,,,,,,,,,,,,,,
TOI-2525 b,2023,86.8509737,-60.5213081,395.398,,,,,,,,,,,,,,,,,,,,,,,,,,,
TOI-2525 c,2023,86.8509737,-60.5213081,395.398,,,,,,,,,,,,,,,,,,,,,,,,,,,
TOI-2529 b,2024,118.9945352,-52.3548332,296.271,,,,,,,,,,,,,,,,,,,,,,,,,,,
TOI-2545 b,2022,135.5458029,-3.4208194,107.118,,,,,,,,,,,,,,,,,,,,,,,,,,,
TOI-2567 b,2022,288.4656683,66.3479375,504.775,,,,,,,,,,,,,,,,,,,,,,,,,,,
TOI-257 b,2021,47.5172608,-50.8322632,76.9028,,,,,,,,,,,,,,,,,,,,,,,,,,,
TOI-2570 b,2022,87.1880397,32.0840435,361.857,,,,,,,,,,,,,,,,,,,,,,,,,,,
TOI-2583 A b,2023,272.2670293,45.3368996,566.189,,,,,,,,,,,,,,,,,,,,,,,,,,,
TOI-2587 A b,2023,115.9317105,-1.073333,373.675,,,,,,,,,,,,,,,,,,,,,,,,,,,
TOI-2589 b,2023,107.4881501,-37.230948,200.273,,,,,,,,,,,,,,,,,,,,,,,,,,,
TOI-260 b,2024,4.7730178,-9.9661505,20.1852,,,,,,,,,,,,,,,,,,,,,,,,,,,
TOI-261.01,2024,15.2181412,-24.4239934,114.495,,,,,,,,,,,,,,,,,,,,,,,,,,,
TOI-262 b,2023,32.534687,-31.0706272,43.932,,,,,,,,,,,,,,,,,,,,,,,,,,,
TOI-2641 b,2023,171.1303716,-42.7321394,344.045,,,,,,,,,,,,,,,,,,,,,,,,,,,
TOI-2669 b,2022,134.7226445,-13.3125792,393.443,,,,,,,,,,,,,,,,,,,,,,,,,,,
TOI-269 b,2021,75.8462827,-54.1777213,57.0225,,,,,,,,,,,,,,,,,,,,,,,,,,,
TOI-270 b,2019,68.4160804,-51.9573937,22.4793,,,,,,,,,,,,,,,,,,,,,,,,,,,
TOI-270 c,2019,68.4160804,-51.9573937,22.4793,,,,,,,,,,,,,,,,,,,,,,,,,,,
TOI-270 d,2019,68.4160804,-51.9573937,22.4793,,,,,,,,,,,,,,,,,,,,,,,,,,,
TOI-2714 b,2024,61.4012482,-14.9267458,597.873,,,,,,,,,,,,,,,,,,,,,,,,,,,
TOI-277 b,2022,19.0766985,-20.9532772,64.6692,,,,,,,,,,,,,,,,,,,,,,,,,,,
TOI-2796 b,2023,84.1527191,0.8962788,350.343,,,,,,,,,,,,,,,,,,,,,,,,,,,
TOI-2803 A b,2023,93.1147397,-23.4924956,494.818,,,,,,,,,,,,,,,,,,,,,,,,,,,
TOI-2818 b,2023,119.0598183,-35.1167104,312.674,,,,,,,,,,,,,,,,,,,,,,,,,,,
TOI-2842 b,2023,108.0442066,-10.63934,460.995,,,,,,,,,,,,,,,,,,,,,,,,,,,
TOI-286 b,2024,90.9842762,-60.6663348,59.2293,,,,,,,,,,,,,,,,,,,,,,,,,,,
TOI-286 c,2024,90.9842762,-60.6663348,59.2293,,,,,,,,,,,,,,,,,,,,,,,,,,,
TOI-2977 b,2023,143.9265177,-60.3574758,,,,,,,,,,,,,,,,,,,,,,,,,,,,
TOI-2981 b,2024,163.487394,-25.5245988,527.789,,,,,,,,,,,,,,,,,,,,,,,,,,,
TOI-3023 b,2023,165.3158231,-72.3567044,389.916,,,,,,,,,,,,,,,,,,,,,,,,,,,
TOI-3071 b,2024,173.2790517,-56.5033871,485.219,,,,,,,,,,,,,,,,,,,,,,,,,,,
TOI-3082 b,2023,195.9080719,-19.2189845,113.048,,,,,,,,,,,,,,,,,,,,,,,,,,,
TOI-3235 b,2023,207.4738488,-46.0665139,72.811,,,,,,,,,,,,,,,,,,,,,,,,,,,
TOI-3261 b,2024,47.7285242,-73.531972,300.141,,,,,,,,,,,,,,,,,,,,,,,,,,,
TOI-329 b,2024,351.3210955,-15.6346313,284.388,,,,,,,,,,,,,,,,,,,,,,,,,,,
TOI-332 b,2023,348.0589516,-44.8764852,222.852,,,,,,,,,,,,,,,,,,,,,,,,,,,
TOI-3321 b,2024,265.7603351,-65.0082516,285.895,,,,,,,,,,,,,,,,,,,,,,,,,,,
TOI-3331 A b,2022,271.3241672,-34.107171,217.193,,,,,,,,,,,,,,,,,,,,,,,,,,,
TOI-3353.01,2024,106.5298146,-75.8195594,78.7577,,,,,,,,,,,,,,,,,,,,,,,,,,,
TOI-3362 b,2021,155.9841428,-56.8431169,366.987,,,,,,,,,,,,,,,,,,,,,,,,,,,
TOI-3364 b,2023,144.5377709,-49.3352226,277.899,,,,,,,,,,,,,,,,,,,,,,,,,,,
TOI-3540 A b,2022,328.9113712,28.1794996,,,,,,,,,,,,,,,,,,,,,,,,,,,,
TOI-3568 b,2024,322.6023682,34.7395805,197.906,,,,,,,,,,,,,,,,,,,,,,,,,,,
TOI-3629 b,2022,359.7933851,39.3142556,130.091,,,,,,,,,,,,,,,,,,,,,,,,,,,
TOI-3688 A b,2023,39.2823371,54.8512152,396.378,,,,,,,,,,,,,,,,,,,,,,,,,,,
TOI-3693 b,2022,15.6543938,51.3038918,176.436,,,,,,,,,,,,,,,,,,,,,,,,,,,
TOI-3714 b,2022,69.5523415,39.4580035,112.71,,,,,,,,,,,,,,,,,,,,,,,,,,,
TOI-3757 b,2022,91.0036423,55.0199793,181.139,,,,,,,,,,,,,,,,,,,,,,,,,,,
TOI-3785 b,2023,130.9002258,63.0780768,79.7634,,,,,,,,,,,,,,,,,,,,,,,,,,,
TOI-3807 b,2023,139.1125648,69.0741284,421.745,,,,,,,,,,,,,,,,,,,,,,,,,,,
TOI-3819 b,2023,121.8632568,29.3886446,558.141,,,,,,,,,,,,,,,,,,,,,,,,,,,
TOI-3884 b,2022,181.5718341,12.5070258,43.1448,,,,,,,,,,,,,,,,,,,,,,,,,,,
TOI-3894 b,2024,201.3748265,52.7681036,417.365,,,,,,,,,,,,,,,,,,,,,,,,,,,
TOI-3912 b,2023,215.8014956,24.0765639,465.992,,,,,,,,,,,,,,,,,,,,,,,,,,,
TOI-3919 b,2024,208.9447534,40.3918061,604.591,,,,,,,,,,,,,,,,,,,,,,,,,,,
TOI-3976 A b,2023,224.3560083,44.2743223,516.087,,,,,,,,,,,,,,,,,,,,,,,,,,,
TOI-3984 A b,2023,226.3371468,36.7869747,108.883,,,,,,,,,,,,,,,,,,,,,,,,,,,
TOI-4010 b,2023,20.2148196,66.0722009,177.504,,,,,,,,,,,,,,,,,,,,,,,,,,,
TOI-4010 c,2023,20.2148196,66.0722009,177.504,,,,,,,,,,,,,,,,,,,,,,,,,,,
TOI-4010 d,2023,20.2148196,66.0722009,177.504,,,,,,,,,,,,,,,,,,,,,,,,,,,
TOI-406.01,2024,49.2626428,-42.2441492,31.0597,,,,,,,,,,,,,,,,,,,,,,,,,,,
TOI-4087 b,2023,217.9257785,83.3727061,301.676,,,,,,,,,,,,,,,,,,,,,,,,,,,
TOI-411 b,2022,54.819538,-42.7630276,62.7792,,,,,,,,,,,,,,,,,,,,,,,,,,,
TOI-411 c,2022,54.819538,-42.7630276,62.7792,,,,,,,,,,,,,,,,,,,,,,,,,,,
TOI-4127 b,2023,105.4045516,72.4149297,319.632,,,,,,,,,,,,,,,,,,,,,,,,,,,
TOI-4137 b,2022,77.612879,70.391079,334.993,,,,,,,,,,,,,,,,,,,,,,,,,,,
TOI-4145 A b,2023,39.4297435,80.2673838,205.387,,,,,,,,,,,,,,,,,,,,,,,,,,,
TOI-4153 b,2024,335.3934698,82.2160792,423.84,,,,,,,,,,,,,,,,,,,,,,,,,,,
TOI-4184 b,2023,43.8284749,-79.4147039,69.3649,,,,,,,,,,,,,,,,,,,,,,,,,,,
TOI-4201 b,2023,90.4747237,-13.461371,189.011,,,,,,,,,,,,,,,,,,,,,,,,,,,
TOI-421 b,2020,81.8532824,-14.2767404,74.7969,,,,,,,,,,,,,,,,,,,,,,,,,,,
TOI-421 c,2020,81.8532824,-14.2767404,74.7969,,,,,,,,,,,,,,,,,,,,,,,,,,,
TOI-4308 b,2023,327.7530693,-43.5623642,108.932,,,,,,,,,,,,,,,,,,,,,,,,,,,
TOI-431 b,2021,83.2692502,-26.7238698,32.5686,,,,,,,,,,,,,,,,,,,,,,,,,,,
TOI-431 d,2021,83.2692502,-26.7238698,32.5686,,,,,,,,,,,,,,,,,,,,,,,,,,,
TOI-4329 b,2022,329.5639152,71.1316048,717.128,,,,,,,,,,,,,,,,,,,,,,,,,,,
TOI-4336 A b,2024,206.1070129,-40.3373505,22.5455,,,,,,,,,,,,,,,,,,,,,,,,,,,
TOI-4342 b,2023,324.3894196,-77.9791468,61.5204,,,,,,,,,,,,,,,,,,,,,,,,,,,
TOI-4342 c,2023,324.3894196,-77.9791468,61.5204,,,,,,,,,,,,,,,,,,,,,,,,,,,
TOI-4377 b,2023,164.9324709,-82.2213501,455.82,,,,,,,,,,,,,,,,,,,,,,,,,,,
TOI-4379 b,2024,252.0478813,-32.4337532,645.158,,,,,,,,,,,,,,,,,,,,,,,,,,,
TOI-4406 b,2023,18.0485164,-56.9253875,261.834,,,,,,,,,,,,,,,,,,,,,,,,,,,
TOI-4438 b,2024,270.3172389,35.5948992,30.0346,,,,,,,,,,,,,,,,,,,,,,,,,,,
TOI-444 b,2023,64.1839982,-26.7664071,57.3973,,,,,,,,,,,,,,,,,,,,,,,,,,,
TOI-4443.01,2024,274.2686643,21.9095459,56.0739,,,,,,,,,,,,,,,,,,,,,,,,,,,
TOI-4463 A b,2023,279.3581286,18.7299522,173.117,,,,,,,,,,,,,,,,,,,,,,,,,,,
TOI-4479 b,2022,316.0969388,24.6536739,80.6532,,,,,,,,,,,,,,,,,,,,,,,,,,,
TOI-4495.01,2024,286.3624951,37.0259902,132.214,,,,,,,,,,,,,,,,,,,,,,,,,,,
TOI-451 b,2020,62.966385,-37.93973,123.739,,,,,,,,,,,,,,,,,,,,,,,,,,,
TOI-451 c,2020,62.966385,-37.93973,123.739,,,,,,,,,,,,,,,,,,,,,,,,,,,
TOI-451 d,2020,62.966385,-37.93973,123.739,,,,,,,,,,,,,,,,,,,,,,,,,,,
TOI-4515 b,2024,21.1861778,21.5130638,193.499,,,,,,,,,,,,,,,,,,,,,,,,,,,
TOI-4527.01,2024,19.4722574,5.4711996,18.1037,,,,,,,,,,,,,,,,,,,,,,,,,,,
TOI-4551 b,2023,184.9787579,-25.8278531,215.986,,,,,,,,,,,,,,,,,,,,,,,,,,,
TOI-4559 b,2024,211.0135378,-30.0141252,31.6354,,,,,,,,,,,,,,,,,,,,,,,,,,,
TOI-4562 b,2023,112.0100593,-63.5177788,339.605,,,,,,,,,,,,,,,,,,,,,,,,,,,
TOI-4582 b,2023,256.8601374,68.8656263,383.846,,,,,,,,,,,,,,,,,,,,,,,,,,,
TOI-4600 b,2023,258.4503674,64.5661727,216.056,,,,,,,,,,,,,,,,,,,,,,,,,,,
TOI-4600 c,2023,258.4503674,64.5661727,216.056,,,,,,,,,,,,,,,,,,,,,,,,,,,
TOI-4602.01,2024,60.6003316,31.3298354,63.0637,,,,,,,,,,,,,,,,,,,,,,,,,,,
TOI-4603 b,2023,83.8659288,21.2942417,225.643,,,,,,,,,,,,,,,,,,,,,,,,,,,
TOI-4633 c,2024,256.8431021,62.475548,95.2016,,,,,,,,,,,,,,,,,,,,,,,,,,,
TOI-4641 b,2023,42.5582023,25.3335334,86.3501,,,,,,,,,,,,,,,,,,,,,,,,,,,
TOI-470 b,2023,94.0099043,-25.0314111,130.46,,,,,,,,,,,,,,,,,,,,,,,,,,,
TOI-4791 b,2023,109.3883818,-19.8289392,328.802,,,,,,,,,,,,,,,,,,,,,,,,,,,
TOI-480 b,2024,88.3784618,-16.2653974,54.5306,,,,,,,,,,,,,,,,,,,,,,,,,,,
TOI-481 b,2020,110.5126861,-57.384998,179.366,,,,,,,,,,,,,,,,,,,,,,,,,,,
TOI-4860 b,2023,183.563961,-13.1748411,80.1423,,,,,,,,,,,,,,,,,,,,,,,,,,,
TOI-4914 b,2024,204.5426717,-28.1429206,299.89,,,,,,,,,,,,,,,,,,,,,,,,,,,
TOI-500 b,2022,106.559098,-47.5878156,47.3924,,,,,,,,,,,,,,,,,,,,,,,,,,,
TOI-5076 b,2024,50.5104166,17.2392094,82.857,,,,,,,,,,,,,,,,,,,,,,,,,,,
TOI-5082.01,2024,106.569578,22.6831477,43.1406,,,,,,,,,,,,,,,,,,,,,,,,,,,
TOI-5126 b,2023,151.6597827,18.6340631,160.414,,,,,,,,,,,,,,,,,,,,,,,,,,,
TOI-5126 c,2023,151.6597827,18.6340631,160.414,,,,,,,,,,,,,,,,,,,,,,,,,,,
TOI-5153 b,2022,91.5403204,-19.9534443,390.484,,,,,,,,,,,,,,,,,,,,,,,,,,,
TOI-5174 b,2022,174.1094967,-2.0233506,197.243,,,,,,,,,,,,,,,,,,,,,,,,,,,
TOI-519 b,2021,124.6067582,-19.6627918,115.557,,,,,,,,,,,,,,,,,,,,,,,,,,,
TOI-5205 b,2023,313.7706819,24.360977,86.4493,,,,,,,,,,,,,,,,,,,,,,,,,,,
TOI-5218 b,2024,292.6634642,71.7629612,377.483,,,,,,,,,,,,,,,,,,,,,,,,,,,
TOI-5232 b,2024,294.3374248,35.2764934,609.388,,,,,,,,,,,,,,,,,,,,,,,,,,,
TOI-5238 b,2022,223.3588909,68.859472,290.646,,,,,,,,,,,,,,,,,,,,,,,,,,,
TOI-5293 A b,2023,355.828682,-2.0450945,162.229,,,,,,,,,,,,,,,,,,,,,,,,,,,
TOI-530 b,2021,103.4128333,12.8815784,148.762,,,,,,,,,,,,,,,,,,,,,,,,,,,
TOI-5301 b,2024,12.9908008,13.0783712,629.161,,,,,,,,,,,,,,,,,,,,,,,,,,,
TOI-532 b,2021,85.0800537,11.5626373,135.047,,,,,,,,,,,,,,,,,,,,,,,,,,,
TOI-5344 b,2023,63.2662165,20.9151568,138.367,,,,,,,,,,,,,,,,,,,,,,,,,,,
TOI-5388.01,2024,152.1765169,35.5475571,18.5226,,,,,,,,,,,,,,,,,,,,,,,,,,,
TOI-5398 b,2022,161.8795569,36.3294345,130.855,,,,,,,,,,,,,,,,,,,,,,,,,,,
TOI-5398 c,2023,161.8795569,36.3294345,130.855,,,,,,,,,,,,,,,,,,,,,,,,,,,
TOI-540 b,2020,76.3096949,-47.9375391,14.0022,,,,,,,,,,,,,,,,,,,,,,,,,,,
TOI-544 b,2022,82.2900716,-0.3428983,41.1166,,,,,,,,,,,,,,,,,,,,,,,,,,,
TOI-5542 b,2022,302.7984228,-61.1354659,348.849,,,,,,,,,,,,,,,,,,,,,,,,,,,
TOI-558 b,2021,42.2915093,-58.0246828,402.63,,,,,,,,,,,,,,,,,,,,,,,,,,,
TOI-559 b,2021,46.8186159,-31.1629951,233.266,,,,,,,,,,,,,,,,,,,,,,,,,,,
TOI-561 b,2020,148.1851516,6.216103,85.799,,,,,,,,,,,,,,,,,,,,,,,,,,,
TOI-561 c,2020,148.1851516,6.216103,85.799,,,,,,,,,,,,,,,,,,,,,,,,,,,
TOI-561 d,2020,148.1851516,6.216103,85.799,,,,,,,,,,,,,,,,,,,,,,,,,,,
TOI-561 e,2020,148.1851516,6.216103,85.799,,,,,,,,,,,,,,,,,,,,,,,,,,,
TOI-5616 b,2024,184.9016378,48.6832895,390.415,,,,,,,,,,,,,,,,,,,,,,,,,,,
TOI-5634 A b,2024,175.6436366,20.9652921,306.144,,,,,,,,,,,,,,,,,,,,,,,,,,,
TOI-564 b,2020,130.2951535,-16.0363275,199.581,,,,,,,,,,,,,,,,,,,,,,,,,,,
TOI-5678 b,2023,47.3841872,-34.1984808,165.393,,,,,,,,,,,,,,,,,,,,,,,,,,,
TOI-5704 b,2023,169.8248694,44.9890782,89.637,,,,,,,,,,,,,,,,,,,,,,,,,,,
TOI-5720 b,2024,170.3135774,25.2732942,35.8256,,,,,,,,,,,,,,,,,,,,,,,,,,,
TOI-5799 b,2024,301.630179,15.9891418,27.8123,,,,,,,,,,,,,,,,,,,,,,,,,,,
TOI-5803 b,2023,327.2487497,6.2781777,84.0126,,,,,,,,,,,,,,,,,,,,,,,,,,,
TOI-6008 b,2024,310.4487344,49.6468992,23.1008,,,,,,,,,,,,,,,,,,,,,,,,,,,
TOI-6029 b,2024,8.3862555,61.8607659,603.119,,,,,,,,,,,,,,,,,,,,,,,,,,,
TOI-6034 b,2024,317.9001392,68.4020762,117.992,,,,,,,,,,,,,,,,,,,,,,,,,,,
TOI-6086 b,2024,265.3704236,30.3037755,31.4566,,,,,,,,,,,,,,,,,,,,,,,,,,,
TOI-615 b,2023,133.4086892,-40.543701,360.408,,,,,,,,,,,,,,,,,,,,,,,,,,,
TOI-620 b,2022,142.1734459,-12.1671652,33.0231,,,,,,,,,,,,,,,,,,,,,,,,,,,
TOI-622 b,2023,125.3050544,-46.4842959,123.297,,,,,,,,,,,,,,,,,,,,,,,,,,,
TOI-6255 b,2024,331.5031606,39.2988284,20.3167,,,,,,,,,,,,,,,,,,,,,,,,,,,
TOI-628 b,2021,99.2630608,1.7675497,178.68,,,,,,,,,,,,,,,,,,,,,,,,,,,
TOI-640 b,2021,99.7345935,-36.64613,341.997,,,,,,,,,,,,,,,,,,,,,,,,,,,
TOI-654.01,2024,164.7245509,-5.5475446,57.7553,,,,,,,,,,,,,,,,,,,,,,,,,,,
TOI-663 b,2024,160.0658525,-8.5110827,64.2308,,,,,,,,,,,,,,,,,,,,,,,,,,,
TOI-663 c,2024,160.0658525,-8.5110827,64.2308,,,,,,,,,,,,,,,,,,,,,,,,,,,
TOI-663 d,2024,160.0658525,-8.5110827,64.2308,,,,,,,,,,,,,,,,,,,,,,,,,,,
TOI-669 b,2023,158.9007013,-5.1813735,142.867,,,,,,,,,,,,,,,,,,,,,,,,,,,
TOI-672 b,2023,167.9908627,-39.3281151,66.9071,,,,,,,,,,,,,,,,,,,,,,,,,,,
TOI-674 b,2021,164.5865592,-36.8581092,46.0851,,,,,,,,,,,,,,,,,,,,,,,,,,,
TOI-677 b,2020,144.1193594,-50.4630933,141.812,,,,,,,,,,,,,,,,,,,,,,,,,,,
TOI-700 b,2020,97.0957165,-65.5786149,31.1265,,,,,,,,,,,,,,,,,,,,,,,,,,,
TOI-700 c,2020,97.0957165,-65.5786149,31.1265,,,,,,,,,,,,,,,,,,,,,,,,,,,
TOI-700 d,2020,97.0957165,-65.5786149,31.1265,,,,,,,,,,,,,,,,,,,,,,,,,,,
TOI-700 e,2023,97.0957165,-65.5786149,31.1265,,,,,,,,,,,,,,,,,,,,,,,,,,,
TOI-712 b,2022,92.9361063,-65.8258386,58.6212,,,,,,,,,,,,,,,,,,,,,,,,,,,
TOI-712 c,2022,92.9361063,-65.8258386,58.6212,,,,,,,,,,,,,,,,,,,,,,,,,,,
TOI-712 d,2022,92.9361063,-65.8258386,58.6212,,,,,,,,,,,,,,,,,,,,,,,,,,,
TOI-715 b,2023,113.8523276,-73.5774089,42.4048,,,,,,,,,,,,,,,,,,,,,,,,,,,
TOI-733 b,2023,159.4093183,-40.888259,75.2092,,,,,,,,,,,,,,,,,,,,,,,,,,,
TOI-757 b,2024,187.9948428,-35.5544523,60.3418,,,,,,,,,,,,,,,,,,,,,,,,,,,
TOI-762 A b,2024,166.0747423,-47.8214964,98.4458,,,,,,,,,,,,,,,,,,,,,,,,,,,
TOI-763 b,2020,194.468098,-39.7580613,95.1274,,,,,,,,,,,,,,,,,,,,,,,,,,,
TOI-763 c,2020,194.468098,-39.7580613,95.1274,,,,,,,,,,,,,,,,,,,,,,,,,,,
TOI-771 b,2024,164.1138903,-72.9851736,25.2788,,,,,,,,,,,,,,,,,,,,,,,,,,,
TOI-776 b,2020,178.577997,-37.5533568,27.1701,,,,,,,,,,,,,,,,,,,,,,,,,,,
TOI-776 c,2020,178.577997,-37.5533568,27.1701,,,,,,,,,,,,,,,,,,,,,,,,,,,
TOI-778 b,2023,199.3338503,-15.2737046,161.743,,,,,,,,,,,,,,,,,,,,,,,,,,,
TOI-782 b,2024,183.9203614,-18.9103377,52.5122,,,,,,,,,,,,,,,,,,,,,,,,,,,
TOI-784 b,2023,159.3412205,-63.6556923,64.5997,,,,,,,,,,,,,,,,,,,,,,,,,,,
TOI-813 b,2020,72.6940102,-60.9054608,263.145,,,,,,,,,,,,,,,,,,,,,,,,,,,
TOI-815 b,2024,155.8719377,-43.8349248,59.7117,,,,,,,,,,,,,,,,,,,,,,,,,,,
TOI-815 c,2024,155.8719377,-43.8349248,59.7117,,,,,,,,,,,,,,,,,,,,,,,,,,,
TOI-824 b,2020,222.1654705,-57.5888666,63.9262,,,,,,,,,,,,,,,,,,,,,,,,,,,
TOI-833 b,2022,145.645472,-62.4758857,41.7148,,,,,,,,,,,,,,,,,,,,,,,,,,,
TOI-836 b,2023,225.0798831,-24.4542022,27.5024,,,,,,,,,,,,,,,,,,,,,,,,,,,
TOI-836 c,2023,225.0798831,-24.4542022,27.5024,,,,,,,,,,,,,,,,,,,,,,,,,,,
TOI-837 b,2020,157.0372806,-64.5052107,142.488,,,,,,,,,,,,,,,,,,,,,,,,,,,
TOI-849 b,2020,28.7157956,-29.4217086,225.734,,,,,,,,,,,,,,,,,,,,,,,,,,,
TOI-858 B b,2023,60.1998256,-54.5929177,250.489,,,,,,,,,,,,,,,,,,,,,,,,,,,
TOI-871 b,2024,74.7376264,-50.6274153,68.0473,,,,,,,,,,,,,,,,,,,,,,,,,,,
TOI-880.02,2024,94.1644734,-13.987337,60.6679,,,,,,,,,,,,,,,,,,,,,,,,,,,
TOI-892 b,2020,86.738228,-11.2353401,340.543,,,,,,,,,,,,,,,,,,,,,,,,,,,
TOI-904 b,2023,89.3712733,-83.1297264,46.0891,,,,,,,,,,,,,,,,,,,,,,,,,,,
TOI-904 c,2023,89.3712733,-83.1297264,46.0891,,,,,,,,,,,,,,,,,,,,,,,,,,,
TOI-905 b,2020,227.6586754,-71.3616316,158.649,,,,,,,,,,,,,,,,,,,,,,,,,,,
TOI-907.01,2024,262.1834072,-62.840383,312.529,,,,,,,,,,,,,,,,,,,,,,,,,,,
TOI-908 b,2023,53.1594266,-81.250745,175.748,,,,,,,,,,,,,,,,,,,,,,,,,,,
TOI-913 b,2023,234.5723244,-80.8034265,65.1769,,,,,,,,,,,,,,,,,,,,,,,,,,,
TOI-942 b,2020,76.6496172,-20.2456126,152.601,,,,,,,,,,,,,,,,,,,,,,,,,,,
TOI-942 c,2020,76.6496172,-20.2456126,152.601,,,,,,,,,,,,,,,,,,,,,,,,,,,
TOI-954 b,2020,61.9410587,-25.2088028,238.768,,,,,,,,,,,,,,,,,,,,,,,,,,,
TOI-969 b,2022,115.1366858,2.0985879,77.2554,,,,,,,,,,,,,,,,,,,,,,,,,,,
WASP-126 c,2019,63.374706,-69.2265926,216.526,,,,,,,,,,,,,,,,,,,,,,,,,,,
WASP-132 c,2022,217.6091998,-46.159516,122.91,,,,,,,,,,,,,,,,,,,,,,,,,,,
WASP-18 c,2019,24.3544618,-45.6777937,123.483,,,,,,,,,,,,,,,,,,,,,,,,,,,
WASP-84 c,2023,131.1069959,1.8598933,100.588,,,,,,,,,,,,,,,,,,,,,,,,,,,
WD 1856+534 b,2020,284.415675,53.5090244,24.7359,,,,,,,,,,,,,,,,,,,,,,,,,,,
Wolf 327 b,2024,148.3783199,35.570548,28.5321,,,,,,,,,,,,,,,,,,,,,,,,,,,
pi Men c,2018,84.2992798,-80.4646041,18.2702,,,,,,,,,,,,,,,,,,,,,,,,,,,
